"source_file","disposition","canonical_cluster","destination_topic","destination_slug","page_type","status","review_notes"
"clsid_shelllocations_win8.txt","merge","windows-settings-shell-shortcuts","windows/shortcuts","/windows/shortcuts/settings-and-shell-shortcuts/","reference","published","Consolidate Settings URIs, shell namespace shortcuts, and shell folder references into one shortcut guide."
"ffmpeg templates_louis32.txt","merge","ffmpeg-conversion-frame-extraction","media/ffmpeg","/media/ffmpeg/conversion-and-frame-extraction/","template","published","Exact duplicate of LOU32HELP_REF_ffmpegtemplates.txt; treat as an alias-only inventory record."
"getscreendpi.txt","merge","windows-display-diagnostics","windows/display","/windows/display/display-diagnostics/","reference","published","Exact duplicate of LOU32HELP_getscreendpi.txt; treat as an alias-only inventory record."
"gmmap.txt","merge","core-midi-reference","midi/reference","/midi/reference/core-midi-reference/","reference","published","Fold MIDI basics, terminology, patch maps, and charts into one core MIDI reference."
"GoogleDorking.txt","merge","defensive-search-audit-reference","security/search","/security/search/defensive-search-audit-reference/","reference","draft","Rewrite search/dork material as defensive audit guidance and keep it in draft status."
"GOOGLEOPERATORS-EXAMPLES_REF.txt","merge","browser-search-operator-reference","browser-web/search","/browser-web/search/search-operator-reference/","reference","published","Keep benign search operator and browser search-provider notes in the browser search reference."
"HELP32_Get-ModuleExamples.txt","merge","powershell-console-profile-customization","powershell/profiles","/powershell/profiles/console-and-profile-customization/","template","published","Exact duplicate of LOU32HELP_Get-ModuleExamples.txt; treat as an alias-only inventory record."
"HELP32_LenovoFlex5_RegEdit_DisableTabletMode.txt","merge","windows-lenovo-tablet-sensor-fixes","windows/troubleshooting","/windows/troubleshooting/lenovo-tablet-mode-and-sensor-fixes/","troubleshooting","published","Consolidate Lenovo convertibility, tablet mode, and sensor-related fixes into one troubleshooting page."
"HELP32_PSProfileCustomizations.txt","merge","powershell-console-profile-customization","powershell/profiles","/powershell/profiles/console-and-profile-customization/","template","published","Exact duplicate of LOU32HELP_PSProfileCustomizations.txt; treat as an alias-only inventory record."
"localgrouppolicyonwin11home.txt","merge","windows-local-group-policy-home","windows/policy","/windows/policy/local-group-policy-editor-on-home/","recipe","published","Exact duplicate of LOU32HELP_localgrouppolicyonwin11home.txt; treat as an alias-only inventory record."
"LOU32HELP_7DeToolssecretsthatshouldntbesecrets.txt","merge","browser-devtools-and-tab-helpers","browser-web/chromium","/browser-web/chromium/devtools-and-tab-helpers/","reference","published","Exact duplicate of LOU32HELP_7DevToolssecretsthatshouldntbesecrets.txt; treat as an alias-only inventory record."
"LOU32HELP_7DevToolssecretsthatshouldntbesecrets.txt","merge","browser-devtools-and-tab-helpers","browser-web/chromium","/browser-web/chromium/devtools-and-tab-helpers/","reference","published","Group DevTools resources and Chromium tab helpers into one browser debugging page."
"LOU32HELP_aek16colorpalette_GIMPcolorpalette.txt","merge","ascii-and-color-reference","developer-tools/reference","/developer-tools/reference/ascii-and-color-reference/","reference","published","Group ASCII tables, hex values, and palette snippets into one developer reference page."
"LOU32HELP_aek32colorpalette_GIMPcolorpalette.txt","merge","ascii-and-color-reference","developer-tools/reference","/developer-tools/reference/ascii-and-color-reference/","reference","published","Group ASCII tables, hex values, and palette snippets into one developer reference page."
"LOU32HELP_allgenerickeysforwin11allversions_genericproductkeys.txt","merge","windows-install-and-oobe-notes","windows/install","/windows/install/windows-install-and-oobe-notes/","recipe","published","Group install-media, OOBE, and setup notes into one curated Windows install page."
"LOU32HELP_allusers_appxpackagereset.txt","merge","windows-dism-appx-system-repair","windows/maintenance","/windows/maintenance/dism-appx-and-system-repair/","recipe","published","Merge DISM, AppX, SFC, and maintenance commands into one repair-oriented workflow page."
"LOU32HELP_allwindows11uninstallinforegistrylocations_regref.txt","archive","legacy-archive","","","","","Leave this file in docs/ until a later migration batch rewrites or consolidates it."
"LOU32HELP_API_imagebb_API_v1_overview.txt","migrate","imgbb-upload-overview","developer-tools/apis","/developer-tools/apis/imgbb-upload-overview/","reference","draft","Convert the ImageBB upload note into a draft API reference with cleaned examples."
"LOU32HELP_Audio-EQ-Cookbook.txt","migrate","biquad-eq-cookbook-reference","media/audio","/media/audio/biquad-eq-cookbook-reference/","reference","draft","Retain the RBJ biquad formula notes as a draft technical reference pending deeper editorial cleanup."
"LOU32HELP_bash_scriptexamplewithffmpeg..txt","merge","ffmpeg-conversion-frame-extraction","media/ffmpeg","/media/ffmpeg/conversion-and-frame-extraction/","template","published","Consolidate ffmpeg conversion, extraction, and related media command templates into one page."
"LOU32HELP_batcommand_rebuildfontcache_win10.txt","merge","windows-display-diagnostics","windows/display","/windows/display/display-diagnostics/","reference","published","Group display diagnostics, font tuning, and DPI notes into one Windows display reference."
"LOU32HELP_BITSpowershellcommands_msdocs001.txt","merge","bits-transfer","powershell/networking","/powershell/networking/bits-transfer/","recipe","published","Consolidate legacy BITS examples into the canonical transfer recipe."
"LOU32HELP_blocknewoutlook_win10and11.txt","archive","legacy-archive","","","","","Leave this file in docs/ until a later migration batch rewrites or consolidates it."
"LOU32HELP_bookmarkletslist_js_MASTER.txt","merge","bookmarklet-essentials","browser-web/bookmarklets","/browser-web/bookmarklets/essentials/","template","published","Fold legacy bookmarklet snippets into the curated essentials page."
"LOU32HELP_bypassnronewcommand_bypassnroworkaround_win11april2025.txt","merge","windows-install-and-oobe-notes","windows/install","/windows/install/windows-install-and-oobe-notes/","recipe","published","Group install-media, OOBE, and setup notes into one curated Windows install page."
"LOU32HELP_changepagefilesettings.txt","merge","windows-dism-appx-system-repair","windows/maintenance","/windows/maintenance/dism-appx-and-system-repair/","recipe","published","Merge DISM, AppX, SFC, and maintenance commands into one repair-oriented workflow page."
"LOU32HELP_changeproductkey_win11__consoleorsettings.txt","merge","windows-install-and-oobe-notes","windows/install","/windows/install/windows-install-and-oobe-notes/","recipe","published","Group install-media, OOBE, and setup notes into one curated Windows install page."
"LOU32HELP_chatgptconfigprompts.txt","archive","legacy-archive","","","","","Leave low-value, risky, or non-library material in the raw archive."
"LOU32HELP_clsid-ifontcache.txt","archive","legacy-archive","","","","","Leave this file in docs/ until a later migration batch rewrites or consolidates it."
"LOU32HELP_cmdcommandsdiagnosticshelpfulreference.txt","archive","legacy-archive","","","","","Leave this file in docs/ until a later migration batch rewrites or consolidates it."
"LOU32HELP_cmdcommandtocheckforhypervstartupsettings.txt","archive","legacy-archive","","","","","Leave this file in docs/ until a later migration batch rewrites or consolidates it."
"LOU32HELP_colorcodereference_extended_v1.txt","merge","ascii-and-color-reference","developer-tools/reference","/developer-tools/reference/ascii-and-color-reference/","reference","published","Group ASCII tables, hex values, and palette snippets into one developer reference page."
"LOU32HELP_colorcodereference.txt","merge","ascii-and-color-reference","developer-tools/reference","/developer-tools/reference/ascii-and-color-reference/","reference","published","Group ASCII tables, hex values, and palette snippets into one developer reference page."
"LOU32HELP_colorhexref_csvtemplate.txt","merge","ascii-and-color-reference","developer-tools/reference","/developer-tools/reference/ascii-and-color-reference/","reference","published","Group ASCII tables, hex values, and palette snippets into one developer reference page."
"LOU32HELP_colorhexref_tabdelimit.txt","merge","ascii-and-color-reference","developer-tools/reference","/developer-tools/reference/ascii-and-color-reference/","reference","published","Group ASCII tables, hex values, and palette snippets into one developer reference page."
"LOU32HELP_commandlinesafemodebootoptions.txt","archive","legacy-archive","","","","","Leave this file in docs/ until a later migration batch rewrites or consolidates it."
"LOU32HELP_commandlinetoeradicateadobefromsystem_adobe.txt","archive","legacy-archive","","","","","Leave this file in docs/ until a later migration batch rewrites or consolidates it."
"LOU32HELP_commandtoenableTLS2protocol.txt","archive","legacy-archive","","","","","Leave this file in docs/ until a later migration batch rewrites or consolidates it."
"LOU32HELP_commandtogetsystemarchitecturetype_get-wmiobject.txt","merge","powershell-system-inspection-patterns","powershell/querying","/powershell/querying/system-inspection-patterns/","reference","published","Group PowerShell query, CIM, process, and inspection snippets into one system inspection reference."
"LOU32HELP_compattelrunner_disableguide.txt","archive","legacy-archive","","","","","Leave this file in docs/ until a later migration batch rewrites or consolidates it."
"LOU32HELP_completelistofASCIIcodes.txt","merge","ascii-and-color-reference","developer-tools/reference","/developer-tools/reference/ascii-and-color-reference/","reference","published","Group ASCII tables, hex values, and palette snippets into one developer reference page."
"LOU32HELP_ConRef_fullsystemshutdownwithcmd.txt","archive","legacy-archive","","","","","Leave this file in docs/ until a later migration batch rewrites or consolidates it."
"LOU32HELP_DaRTrecoveryimagecreationscript_powershellscriptexample_WIP.txt","archive","legacy-archive","","","","","Leave this file in docs/ until a later migration batch rewrites or consolidates it."
"LOU32HELP_directdownloadlinkforwindows11iso_win11iso_directdownloadurl.txt","merge","windows-install-and-oobe-notes","windows/install","/windows/install/windows-install-and-oobe-notes/","recipe","published","Group install-media, OOBE, and setup notes into one curated Windows install page."
"LOU32HELP_disablemalicioussoftwareremovaltool_allmethods.txt","merge","windows-dism-appx-system-repair","windows/maintenance","/windows/maintenance/dism-appx-and-system-repair/","recipe","published","Merge DISM, AppX, SFC, and maintenance commands into one repair-oriented workflow page."
"LOU32HELP_disablemalicioussoftwareremovaltool_registryeditformrt.txt","merge","windows-dism-appx-system-repair","windows/maintenance","/windows/maintenance/dism-appx-and-system-repair/","recipe","published","Merge DISM, AppX, SFC, and maintenance commands into one repair-oriented workflow page."
"LOU32HELP_disablesensormonitoringservice_tabletmodeerrorlenovo.txt","merge","windows-lenovo-tablet-sensor-fixes","windows/troubleshooting","/windows/troubleshooting/lenovo-tablet-mode-and-sensor-fixes/","troubleshooting","published","Consolidate Lenovo convertibility, tablet mode, and sensor-related fixes into one troubleshooting page."
"LOU32HELP_DisableUACTaskForSpecificApp.txt","archive","legacy-archive","","","","","Leave this file in docs/ until a later migration batch rewrites or consolidates it."
"LOU32HELP_DisableWin11TabletMode_DisableConvertibilityControl_RegCmd.txt","merge","windows-lenovo-tablet-sensor-fixes","windows/troubleshooting","/windows/troubleshooting/lenovo-tablet-mode-and-sensor-fixes/","troubleshooting","published","Consolidate Lenovo convertibility, tablet mode, and sensor-related fixes into one troubleshooting page."
"LOU32HELP_disablewindowsrecall_registrymethod_hkcuANDhklm.txt","migrate","windows-disable-recall","windows/policy","/windows/policy/disable-windows-recall/","recipe","published","Promote the Recall registry steps into a canonical Windows policy recipe."
"LOU32HELP_dismcomponentcleanupcommands_safemode.txt","merge","windows-dism-appx-system-repair","windows/maintenance","/windows/maintenance/dism-appx-and-system-repair/","recipe","published","Merge DISM, AppX, SFC, and maintenance commands into one repair-oriented workflow page."
"LOU32HELP_dismpowershellremoveappxprovisionedpackagelist.txt","merge","windows-dism-appx-system-repair","windows/maintenance","/windows/maintenance/dism-appx-and-system-repair/","recipe","published","Merge DISM, AppX, SFC, and maintenance commands into one repair-oriented workflow page."
"LOU32HELP_downloadallurlsfromopendirectorydownloaderurllistwithwget2.txt","merge","wget-recursive-download","cli-tools/wget","/cli-tools/wget/recursive-download/","reference","published","Keep wget mirroring and recursive download variants under the canonical wget reference."
"LOU32HELP_dpisettingsforcreatingcustomstartmenu.txt","merge","windows-display-diagnostics","windows/display","/windows/display/display-diagnostics/","reference","published","Group display diagnostics, font tuning, and DPI notes into one Windows display reference."
"LOU32HELP_edgekeyboardshortcuts.txt","archive","legacy-archive","","","","","Leave this file in docs/ until a later migration batch rewrites or consolidates it."
"LOU32HELP_enabledevbuildsforwindows11.txt","archive","legacy-archive","","","","","Leave this file in docs/ until a later migration batch rewrites or consolidates it."
"LOU32HELP_exampleusereulaviolationcorrespondence.txt","archive","legacy-archive","","","","","Leave low-value, risky, or non-library material in the raw archive."
"LOU32HELP_exiftool_usefulonelinecommands.txt","migrate","exiftool-one-line-reference","cli-tools/exiftool","/cli-tools/exiftool/one-line-reference/","reference","published","Curate the exiftool one-liner list into a stable reference page."
"LOU32HELP_explainingsystemattributesanddesktopinifiles.txt","archive","legacy-archive","","","","","Leave this file in docs/ until a later migration batch rewrites or consolidates it."
"LOU32HELP_extractcontentsofmsiinstaller_msiexec_templatecommand.txt","archive","legacy-archive","","","","","Leave this file in docs/ until a later migration batch rewrites or consolidates it."
"LOU32HELP_ffmpeg templates_louis32.txt","merge","ffmpeg-conversion-frame-extraction","media/ffmpeg","/media/ffmpeg/conversion-and-frame-extraction/","template","published","Consolidate ffmpeg conversion, extraction, and related media command templates into one page."
"LOU32HELP_ffmpeg_batchrecursiveconversion_flac_to_mp3_ffmpegREF.txt","merge","ffmpeg-conversion-frame-extraction","media/ffmpeg","/media/ffmpeg/conversion-and-frame-extraction/","template","published","Consolidate ffmpeg conversion, extraction, and related media command templates into one page."
"LOU32HELP_ffmpeg_cmdlinetoaddwavtomp3tocontextmenu.txt","merge","ffmpeg-conversion-frame-extraction","media/ffmpeg","/media/ffmpeg/conversion-and-frame-extraction/","template","published","Consolidate ffmpeg conversion, extraction, and related media command templates into one page."
"LOU32HELP_ffmpeg_grabstillimagefromvideo_command.txt","merge","ffmpeg-conversion-frame-extraction","media/ffmpeg","/media/ffmpeg/conversion-and-frame-extraction/","template","published","Consolidate ffmpeg conversion, extraction, and related media command templates into one page."
"LOU32HELP_ffmpeg_template_compressMP4video.txt","merge","ffmpeg-conversion-frame-extraction","media/ffmpeg","/media/ffmpeg/conversion-and-frame-extraction/","template","published","Consolidate ffmpeg conversion, extraction, and related media command templates into one page."
"LOU32HELP_ffmpeg_wavtomp3_contextmenu_cmd.txt","merge","ffmpeg-conversion-frame-extraction","media/ffmpeg","/media/ffmpeg/conversion-and-frame-extraction/","template","published","Consolidate ffmpeg conversion, extraction, and related media command templates into one page."
"LOU32HELP_ffmpeg_WavToMp3.txt","merge","ffmpeg-conversion-frame-extraction","media/ffmpeg","/media/ffmpeg/conversion-and-frame-extraction/","template","published","Consolidate ffmpeg conversion, extraction, and related media command templates into one page."
"LOU32HELP_fixtabletmodeerror_lenovoflex5_explorerglitch_convertibleslatemodetovalue1.txt","merge","windows-lenovo-tablet-sensor-fixes","windows/troubleshooting","/windows/troubleshooting/lenovo-tablet-mode-and-sensor-fixes/","troubleshooting","published","Consolidate Lenovo convertibility, tablet mode, and sensor-related fixes into one troubleshooting page."
"LOU32HELP_fontrenderingguide_windows_antialiasingoptions_.txt","merge","windows-display-diagnostics","windows/display","/windows/display/display-diagnostics/","reference","published","Group display diagnostics, font tuning, and DPI notes into one Windows display reference."
"LOU32HELP_fonts_makingtruetypebitmapfonts.txt","merge","windows-display-diagnostics","windows/display","/windows/display/display-diagnostics/","reference","published","Group display diagnostics, font tuning, and DPI notes into one Windows display reference."
"LOU32HELP_fonts_truetypehintingphilosophyandinstructions_mstypography.txt","merge","windows-display-diagnostics","windows/display","/windows/display/display-diagnostics/","reference","published","Group display diagnostics, font tuning, and DPI notes into one Windows display reference."
"LOU32HELP_gallery-dl_tiktokOptimizedCommandexample.txt","merge","yt-dlp-media-download-templates","cli-tools/yt-dlp","/cli-tools/yt-dlp/media-download-templates/","template","published","Collect audio download, playlist, and output template notes into one media download page."
"LOU32HELP_generalmidipercmap.txt","merge","core-midi-reference","midi/reference","/midi/reference/core-midi-reference/","reference","published","Fold MIDI basics, terminology, patch maps, and charts into one core MIDI reference."
"LOU32HELP_get-itemproperty_filepropertiesexample.txt","merge","powershell-system-inspection-patterns","powershell/querying","/powershell/querying/system-inspection-patterns/","reference","published","Group PowerShell query, CIM, process, and inspection snippets into one system inspection reference."
"LOU32HELP_Get-ModuleExamples.txt","merge","powershell-console-profile-customization","powershell/profiles","/powershell/profiles/console-and-profile-customization/","template","published","Consolidate profile snippets, module helpers, and transcript patterns into one console/profile page."
"LOU32HELP_get-windowsoptionalfeature.txt","merge","windows-dism-appx-system-repair","windows/maintenance","/windows/maintenance/dism-appx-and-system-repair/","recipe","published","Merge DISM, AppX, SFC, and maintenance commands into one repair-oriented workflow page."
"LOU32HELP_getallinstalledprograms_win32apps.txt","archive","legacy-archive","","","","","Leave this file in docs/ until a later migration batch rewrites or consolidates it."
"LOU32HELP_getallsystemfiledetailsfromCBSlog_sfc.txt","merge","windows-dism-appx-system-repair","windows/maintenance","/windows/maintenance/dism-appx-and-system-repair/","recipe","published","Merge DISM, AppX, SFC, and maintenance commands into one repair-oriented workflow page."
"LOU32HELP_getscreendpi.txt","merge","windows-display-diagnostics","windows/display","/windows/display/display-diagnostics/","reference","published","Group display diagnostics, font tuning, and DPI notes into one Windows display reference."
"LOU32HELP_getsfcdetailsfromcbslog_aftersfcscannow.txt","merge","windows-dism-appx-system-repair","windows/maintenance","/windows/maintenance/dism-appx-and-system-repair/","recipe","published","Merge DISM, AppX, SFC, and maintenance commands into one repair-oriented workflow page."
"LOU32HELP_geturlsofallopentabs_chrome_chromiumbrowsers_devtoolsconsolemethod.txt","merge","browser-devtools-and-tab-helpers","browser-web/chromium","/browser-web/chromium/devtools-and-tab-helpers/","reference","published","Group DevTools resources and Chromium tab helpers into one browser debugging page."
"LOU32HELP_gimp_10scriptingexamplesingimpwithscript-fu.txt","archive","legacy-archive","","","","","Leave this file in docs/ until a later migration batch rewrites or consolidates it."
"LOU32HELP_git_troubleshootinggitpushhanging.txt","archive","legacy-archive","","","","","Leave this file in docs/ until a later migration batch rewrites or consolidates it."
"LOU32HELP_githubcli_creatinganewrepofromlocalfolder.txt","migrate","github-create-repo","cli-tools/github","/cli-tools/github/create-repo-from-local/","recipe","published","Promote the CLI repo creation note into a standalone GitHub CLI recipe."
"LOU32HELP_glossary_midirelatedterms.txt","merge","core-midi-reference","midi/reference","/midi/reference/core-midi-reference/","reference","published","Fold MIDI basics, terminology, patch maps, and charts into one core MIDI reference."
"LOU32HELP_gmpatchmap.txt","archive","legacy-archive","","","","","Leave this file in docs/ until a later migration batch rewrites or consolidates it."
"LOU32HELP_googledorks.txt","merge","defensive-search-audit-reference","security/search","/security/search/defensive-search-audit-reference/","reference","draft","Rewrite search/dork material as defensive audit guidance and keep it in draft status."
"LOU32HELP_GoogleSearchOperatorsReference.txt","merge","browser-search-operator-reference","browser-web/search","/browser-web/search/search-operator-reference/","reference","published","Keep benign search operator and browser search-provider notes in the browser search reference."
"LOU32HELP_howtocreatesettingsappshortcutswithms-settingscommands.txt","merge","windows-settings-shell-shortcuts","windows/shortcuts","/windows/shortcuts/settings-and-shell-shortcuts/","reference","published","Consolidate Settings URIs, shell namespace shortcuts, and shell folder references into one shortcut guide."
"LOU32HELP_howtodisablecortanawin11_allusers.txt","archive","legacy-archive","","","","","Leave this file in docs/ until a later migration batch rewrites or consolidates it."
"LOU32HELP_howtofindvendorhardwareordeviceidofadriverindevicemanager.txt","archive","legacy-archive","","","","","Leave this file in docs/ until a later migration batch rewrites or consolidates it."
"LOU32HELP_httpserverwithpython_simplesetup.txt","archive","legacy-archive","","","","","Leave this file in docs/ until a later migration batch rewrites or consolidates it."
"LOU32HELP_imagemagick_automaticallygeneratefaviconfromsourceimage.txt","merge","ffmpeg-conversion-frame-extraction","media/ffmpeg","/media/ffmpeg/conversion-and-frame-extraction/","template","published","Consolidate ffmpeg conversion, extraction, and related media command templates into one page."
"LOU32HELP_importaliasesfromcsv.txt","merge","powershell-console-profile-customization","powershell/profiles","/powershell/profiles/console-and-profile-customization/","template","published","Consolidate profile snippets, module helpers, and transcript patterns into one console/profile page."
"LOU32HELP_installingfontsviacommandline_vbscript.txt","archive","legacy-archive","","","","","Leave this file in docs/ until a later migration batch rewrites or consolidates it."
"LOU32HELP_installwindowsfromcmd_setupguide_win7andup.txt","merge","windows-install-and-oobe-notes","windows/install","/windows/install/windows-install-and-oobe-notes/","recipe","published","Group install-media, OOBE, and setup notes into one curated Windows install page."
"LOU32HELP_instructionstobypasswindows11accountcreation.txt","merge","windows-install-and-oobe-notes","windows/install","/windows/install/windows-install-and-oobe-notes/","recipe","published","Group install-media, OOBE, and setup notes into one curated Windows install page."
"LOU32HELP_lenovoideapadbrightnessregkeyfix_acuserpreferencepolicy_dcuserpreferencepolicy.txt","merge","windows-lenovo-tablet-sensor-fixes","windows/troubleshooting","/windows/troubleshooting/lenovo-tablet-mode-and-sensor-fixes/","troubleshooting","published","Consolidate Lenovo convertibility, tablet mode, and sensor-related fixes into one troubleshooting page."
"LOU32HELP_LIST_githubsearchdorks.txt","merge","defensive-search-audit-reference","security/search","/security/search/defensive-search-audit-reference/","reference","draft","Rewrite search/dork material as defensive audit guidance and keep it in draft status."
"LOU32HELP_listallCIMclassesinpowershell.txt","merge","powershell-system-inspection-patterns","powershell/querying","/powershell/querying/system-inspection-patterns/","reference","published","Group PowerShell query, CIM, process, and inspection snippets into one system inspection reference."
"LOU32HELP_localgrouppolicyonwin11home.txt","migrate","windows-local-group-policy-home","windows/policy","/windows/policy/local-group-policy-editor-on-home/","recipe","published","Normalize the DISM-based Local Group Policy install steps into one Windows Home page."
"LOU32HELP_lou32rclonecommandlist_master.txt","merge","rclone-provider-copy-examples","backup-sync/rclone","/backup-sync/rclone/provider-copy-examples/","template","published","Merge provider-specific copy commands into one reusable sync reference."
"Lou32HELP_makeprovisionedpackagelist_removeprovisionedpackages.txt","merge","windows-dism-appx-system-repair","windows/maintenance","/windows/maintenance/dism-appx-and-system-repair/","recipe","published","Merge DISM, AppX, SFC, and maintenance commands into one repair-oriented workflow page."
"LOU32HELP_makingtruetypebitmapfonts_mstypography_archive.txt","merge","windows-display-diagnostics","windows/display","/windows/display/display-diagnostics/","reference","published","Group display diagnostics, font tuning, and DPI notes into one Windows display reference."
"LOU32HELP_manuallyrepaircorruptedsystemfiles_takeownershipofsystemfile.txt","merge","windows-dism-appx-system-repair","windows/maintenance","/windows/maintenance/dism-appx-and-system-repair/","recipe","published","Merge DISM, AppX, SFC, and maintenance commands into one repair-oriented workflow page."
"LOU32HELP_maponedriveasanetworklocationinexplorer.txt","merge","windows-settings-shell-shortcuts","windows/shortcuts","/windows/shortcuts/settings-and-shell-shortcuts/","reference","published","Consolidate Settings URIs, shell namespace shortcuts, and shell folder references into one shortcut guide."
"LOU32HELP_michaelpbedesemmidiplayer_installationinstructions.txt","merge","core-midi-reference","midi/reference","/midi/reference/core-midi-reference/","reference","published","Fold MIDI basics, terminology, patch maps, and charts into one core MIDI reference."
"LOU32HELP_Microsoft.Winget.Client.txt","merge","winget-package-management-reference","cli-tools/winget","/cli-tools/winget/package-management-reference/","reference","published","Combine winget packaging, return-code, and client notes into one package management reference."
"LOU32HELP_MIDI_GMStandard_GMDrumPatchesTable.txt","merge","core-midi-reference","midi/reference","/midi/reference/core-midi-reference/","reference","published","Fold MIDI basics, terminology, patch maps, and charts into one core MIDI reference."
"LOU32HELP_MIDI_GMStandard_GMPatchesTable_COMBINED.txt","merge","core-midi-reference","midi/reference","/midi/reference/core-midi-reference/","reference","published","Fold MIDI basics, terminology, patch maps, and charts into one core MIDI reference."
"LOU32HELP_MIDI_GMStandard_GMPatchesTable.txt","merge","core-midi-reference","midi/reference","/midi/reference/core-midi-reference/","reference","published","Fold MIDI basics, terminology, patch maps, and charts into one core MIDI reference."
"LOU32HELP_MIDI_MIDINoteNumberToFrequency_ConversionChart.txt","merge","core-midi-reference","midi/reference","/midi/reference/core-midi-reference/","reference","published","Fold MIDI basics, terminology, patch maps, and charts into one core MIDI reference."
"LOU32HELP_MIDI_midistandardstable_GM_GS_XG_tables.txt","merge","core-midi-reference","midi/reference","/midi/reference/core-midi-reference/","reference","published","Fold MIDI basics, terminology, patch maps, and charts into one core MIDI reference."
"LOU32HELP_MIDI_NoteFrequencyChart.txt","merge","core-midi-reference","midi/reference","/midi/reference/core-midi-reference/","reference","published","Fold MIDI basics, terminology, patch maps, and charts into one core MIDI reference."
"LOU32HELP_MIDIHELP_generalmidipercussionkeymap_gmchannel10.txt","merge","core-midi-reference","midi/reference","/midi/reference/core-midi-reference/","reference","published","Fold MIDI basics, terminology, patch maps, and charts into one core MIDI reference."
"LOU32HELP_MIDIHELP_gmchannelmap_table.txt","merge","core-midi-reference","midi/reference","/midi/reference/core-midi-reference/","reference","published","Fold MIDI basics, terminology, patch maps, and charts into one core MIDI reference."
"LOU32HELP_MIDIHELP_midibasics_intro.TXT","merge","core-midi-reference","midi/reference","/midi/reference/core-midi-reference/","reference","published","Fold MIDI basics, terminology, patch maps, and charts into one core MIDI reference."
"LOU32HELP_MIDIHELP_midinotenumbersalloctaves.txt","merge","core-midi-reference","midi/reference","/midi/reference/core-midi-reference/","reference","published","Fold MIDI basics, terminology, patch maps, and charts into one core MIDI reference."
"LOU32HELP_MIDIHELP_midivelocitydBdynamicsanddifferencestable.txt","merge","core-midi-reference","midi/reference","/midi/reference/core-midi-reference/","reference","published","Fold MIDI basics, terminology, patch maps, and charts into one core MIDI reference."
"LOU32HELP_MIDIHELP_table1_explanationofmidimessages.txt","merge","core-midi-reference","midi/reference","/midi/reference/core-midi-reference/","reference","published","Fold MIDI basics, terminology, patch maps, and charts into one core MIDI reference."
"LOU32HELP_MIDIHELP_table2_expandedexplanationofmidimessages.txt","merge","core-midi-reference","midi/reference","/midi/reference/core-midi-reference/","reference","published","Fold MIDI basics, terminology, patch maps, and charts into one core MIDI reference."
"LOU32HELP_MIDIHELP_table3explanationofmidicontrollernumbers.txt","merge","core-midi-reference","midi/reference","/midi/reference/core-midi-reference/","reference","published","Fold MIDI basics, terminology, patch maps, and charts into one core MIDI reference."
"LOU32HELP_midihits_orderidcatno_template.txt","merge","core-midi-reference","midi/reference","/midi/reference/core-midi-reference/","reference","published","Fold MIDI basics, terminology, patch maps, and charts into one core MIDI reference."
"LOU32HELP_MIDISPEC_Table_MIDI1.0SpecificationMessageSummary.txt","merge","core-midi-reference","midi/reference","/midi/reference/core-midi-reference/","reference","published","Fold MIDI basics, terminology, patch maps, and charts into one core MIDI reference."
"LOU32HELP_mountawindowsimageusingDISMformodification.txt","merge","windows-dism-appx-system-repair","windows/maintenance","/windows/maintenance/dism-appx-and-system-repair/","recipe","published","Merge DISM, AppX, SFC, and maintenance commands into one repair-oriented workflow page."
"LOU32HELP_msedgedefaultsearchprovidergooglesettings_gpsettings.txt","merge","browser-search-operator-reference","browser-web/search","/browser-web/search/search-operator-reference/","reference","published","Keep benign search operator and browser search-provider notes in the browser search reference."
"LOU32HELP_msi_tipsforexaminingmsifileswithorca_cmdexamplequery.txt","archive","legacy-archive","","","","","Leave this file in docs/ until a later migration batch rewrites or consolidates it."
"LOU32HELP_msoffice365defaultworddocsettingspath_normal.dotx_default.txt","archive","legacy-archive","","","","","Leave this file in docs/ until a later migration batch rewrites or consolidates it."
"LOU32HELP_nuget_addnugetsourcecommand.txt","archive","legacy-archive","","","","","Leave this file in docs/ until a later migration batch rewrites or consolidates it."
"LOU32HELP_oneliner_openPSelevatedclifromconsole.txt","archive","legacy-archive","","","","","Leave this file in docs/ until a later migration batch rewrites or consolidates it."
"LOU32HELP_PANDOC_COMMAND_DOCX_TO_MARKDOWN.txt","archive","legacy-archive","","","","","Leave this file in docs/ until a later migration batch rewrites or consolidates it."
"LOU32HELP_powershell_checkingforadminrightsinascript.txt","merge","powershell-system-inspection-patterns","powershell/querying","/powershell/querying/system-inspection-patterns/","reference","published","Group PowerShell query, CIM, process, and inspection snippets into one system inspection reference."
"LOU32HELP_powershell_command_checksystemforfileinfectormalware.txt","merge","windows-registry-monitoring-reference","security/windows","/security/windows/registry-monitoring-reference/","reference","draft","Keep defensive Windows monitoring content in a draft security reference."
"LOU32HELP_powershell_command_deletefilesfromlistintxtfile.txt","merge","powershell-file-and-text-recipes","powershell/filesystem","/powershell/filesystem/file-and-text-recipes/","recipe","published","Collect file, text, and path manipulation helpers into one recipe page."
"LOU32HELP_powershell_decoderegistryhexvalue_reghexexample.txt","archive","legacy-archive","","","","","Leave this file in docs/ until a later migration batch rewrites or consolidates it."
"LOU32HELP_powershell_diagnosticdataviewerwithps_info.txt","archive","legacy-archive","","","","","Leave this file in docs/ until a later migration batch rewrites or consolidates it."
"LOU32HELP_powershell_enablewingettabcompletioninpsprofile.txt","merge","powershell-console-profile-customization","powershell/profiles","/powershell/profiles/console-and-profile-customization/","template","published","Consolidate profile snippets, module helpers, and transcript patterns into one console/profile page."
"LOU32HELP_POWERSHELL_EXAMPLE_SCRIPT_installwingetonwindowssandbox.txt","archive","legacy-archive","","","","","Leave this file in docs/ until a later migration batch rewrites or consolidates it."
"LOU32HELP_powershell_examplefunctioncommand_converttabdelimitedcsvtocommadelimited_template.txt","merge","powershell-file-and-text-recipes","powershell/filesystem","/powershell/filesystem/file-and-text-recipes/","recipe","published","Collect file, text, and path manipulation helpers into one recipe page."
"LOU32HELP_powershell_examplesyntaxforwhere-objectcommand.txt","merge","powershell-system-inspection-patterns","powershell/querying","/powershell/querying/system-inspection-patterns/","reference","published","Group PowerShell query, CIM, process, and inspection snippets into one system inspection reference."
"LOU32HELP_powershell_functionforpsprofile_installandimportmodulesautomatically_install-and-import.txt","merge","powershell-console-profile-customization","powershell/profiles","/powershell/profiles/console-and-profile-customization/","template","published","Consolidate profile snippets, module helpers, and transcript patterns into one console/profile page."
"LOU32HELP_powershell_getallprocessesandvirtualmemoryusageinatable.txt","merge","powershell-system-inspection-patterns","powershell/querying","/powershell/querying/system-inspection-patterns/","reference","published","Group PowerShell query, CIM, process, and inspection snippets into one system inspection reference."
"LOU32HELP_powershell_getallurls_pscommand.txt","merge","powershell-file-and-text-recipes","powershell/filesystem","/powershell/filesystem/file-and-text-recipes/","recipe","published","Collect file, text, and path manipulation helpers into one recipe page."
"LOU32HELP_powershell_getinfoaboutsvchostinstance_getciminstanceclasstypewin32service.txt","merge","powershell-system-inspection-patterns","powershell/querying","/powershell/querying/system-inspection-patterns/","reference","published","Group PowerShell query, CIM, process, and inspection snippets into one system inspection reference."
"LOU32HELP_powershell_heyscriptingguy_converthextoasciiwithpowershellarticleoriginaltxt.txt","merge","powershell-file-and-text-recipes","powershell/filesystem","/powershell/filesystem/file-and-text-recipes/","recipe","published","Collect file, text, and path manipulation helpers into one recipe page."
"LOU32HELP_powershell_howtoviewcurrentsessionPATHenvironmentvariablesinreadableformat.txt","merge","powershell-file-and-text-recipes","powershell/filesystem","/powershell/filesystem/file-and-text-recipes/","recipe","published","Collect file, text, and path manipulation helpers into one recipe page."
"LOU32HELP_powershell_listallmscfilesinwindir.txt","merge","powershell-file-and-text-recipes","powershell/filesystem","/powershell/filesystem/file-and-text-recipes/","recipe","published","Collect file, text, and path manipulation helpers into one recipe page."
"LOU32HELP_powershell_managesystemserviceswithpowershell.txt","merge","powershell-system-inspection-patterns","powershell/querying","/powershell/querying/system-inspection-patterns/","reference","published","Group PowerShell query, CIM, process, and inspection snippets into one system inspection reference."
"LOU32HELP_powershell_networkmonitoringwithpowershell_win11.txt","merge","powershell-system-inspection-patterns","powershell/querying","/powershell/querying/system-inspection-patterns/","reference","published","Group PowerShell query, CIM, process, and inspection snippets into one system inspection reference."
"LOU32HELP_powershell_pwsh.dll_commandlinepassexamplesREF.txt","merge","powershell-file-and-text-recipes","powershell/filesystem","/powershell/filesystem/file-and-text-recipes/","recipe","published","Collect file, text, and path manipulation helpers into one recipe page."
"LOU32HELP_powershell_renameandchangefileextensions_example.txt","merge","powershell-file-and-text-recipes","powershell/filesystem","/powershell/filesystem/file-and-text-recipes/","recipe","published","Collect file, text, and path manipulation helpers into one recipe page."
"LOU32HELP_Powershell_setDNSoverHTTPSviaPowershell.txt","archive","legacy-archive","","","","","Leave this file in docs/ until a later migration batch rewrites or consolidates it."
"LOU32HELP_powershell_showcommandinfofornoncompiledcommandsorfunctions.txt","archive","legacy-archive","","","","","Leave this file in docs/ until a later migration batch rewrites or consolidates it."
"LOU32HELP_powershell_troubleshootingdevicesanddriverswithpowershell_howtoquerydevicesanddrivers.txt","merge","powershell-system-inspection-patterns","powershell/querying","/powershell/querying/system-inspection-patterns/","reference","published","Group PowerShell query, CIM, process, and inspection snippets into one system inspection reference."
"LOU32HELP_powershell_twoexamples_converthextoascii_windowsitproarchive.txt","merge","powershell-file-and-text-recipes","powershell/filesystem","/powershell/filesystem/file-and-text-recipes/","recipe","published","Collect file, text, and path manipulation helpers into one recipe page."
"LOU32HELP_powershell_usingbitstransfer.txt","merge","bits-transfer","powershell/networking","/powershell/networking/bits-transfer/","recipe","published","Consolidate legacy BITS examples into the canonical transfer recipe."
"LOU32HELP_powershell_write-hostcustomtextformattingoptions.txt","merge","powershell-pause-and-output-patterns","powershell/syntax","/powershell/syntax/pause-and-output-patterns/","reference","published","Merge pause methods and console output formatting examples into one syntax reference."
"LOU32HELP_powershellcommand_takeownership_regkeyexpflexpadpro_HKCR-Directory-shell-TakeOwnership-TakeOwnership.txt","archive","legacy-archive","","","","","Leave this file in docs/ until a later migration batch rewrites or consolidates it."
"LOU32HELP_powershelldismonelinercommandsreferenceISOWIMtasks.txt","merge","windows-dism-appx-system-repair","windows/maintenance","/windows/maintenance/dism-appx-and-system-repair/","recipe","published","Merge DISM, AppX, SFC, and maintenance commands into one repair-oriented workflow page."
"LOU32HELP_productkey_windows2000professional_retailkey.txt","archive","legacy-archive","","","","","Leave low-value, risky, or non-library material in the raw archive."
"LOU32HELP_PS_howtobreakalineinpowershellwrite-host.txt","merge","powershell-pause-and-output-patterns","powershell/syntax","/powershell/syntax/pause-and-output-patterns/","reference","published","Merge pause methods and console output formatting examples into one syntax reference."
"LOU32HELP_PS_POWERSHELLSCRIPTWITHFFMPEG_VIDEOFRAMEEXTRACTION.txt","merge","ffmpeg-conversion-frame-extraction","media/ffmpeg","/media/ffmpeg/conversion-and-frame-extraction/","template","published","Consolidate ffmpeg conversion, extraction, and related media command templates into one page."
"LOU32HELP_ps_psprofilefunction_logtranscriptionsforallpssessions.txt","merge","powershell-console-profile-customization","powershell/profiles","/powershell/profiles/console-and-profile-customization/","template","published","Consolidate profile snippets, module helpers, and transcript patterns into one console/profile page."
"LOU32HELP_ps_psprofilesetting_increasepsconsolehistoryto10000.txt","merge","powershell-console-profile-customization","powershell/profiles","/powershell/profiles/console-and-profile-customization/","template","published","Consolidate profile snippets, module helpers, and transcript patterns into one console/profile page."
"LOU32HELP_ps_template_powershelltranscriptexample.txt","merge","powershell-console-profile-customization","powershell/profiles","/powershell/profiles/console-and-profile-customization/","template","published","Consolidate profile snippets, module helpers, and transcript patterns into one console/profile page."
"LOU32HELP_pscmdref.txt","archive","legacy-archive","","","","","Leave this file in docs/ until a later migration batch rewrites or consolidates it."
"LOU32HELP_PSProfileCustomizations.txt","merge","powershell-console-profile-customization","powershell/profiles","/powershell/profiles/console-and-profile-customization/","template","published","Consolidate profile snippets, module helpers, and transcript patterns into one console/profile page."
"LOU32HELP_psscript_functionbreakdown_test-iswindowsterminal_fullbreakdown.txt","archive","legacy-archive","","","","","Leave this file in docs/ until a later migration batch rewrites or consolidates it."
"LOU32HELP_rclone_examplecommandfordropbox.txt","merge","rclone-provider-copy-examples","backup-sync/rclone","/backup-sync/rclone/provider-copy-examples/","template","published","Merge provider-specific copy commands into one reusable sync reference."
"LOU32HELP_rclone_examplecommandforgoogledrive.txt","merge","rclone-provider-copy-examples","backup-sync/rclone","/backup-sync/rclone/provider-copy-examples/","template","published","Merge provider-specific copy commands into one reusable sync reference."
"LOU32HELP_rclone_examplecommandparallelismshowprogress.txt","merge","rclone-provider-copy-examples","backup-sync/rclone","/backup-sync/rclone/provider-copy-examples/","template","published","Merge provider-specific copy commands into one reusable sync reference."
"LOU32HELP_rclone_exampleoptimizedonlynewerfilescopy.txt","merge","rclone-provider-copy-examples","backup-sync/rclone","/backup-sync/rclone/provider-copy-examples/","template","published","Merge provider-specific copy commands into one reusable sync reference."
"LOU32HELP_rclone_onedrivebestsettingsdefaulttemplate.txt","merge","rclone-provider-copy-examples","backup-sync/rclone","/backup-sync/rclone/provider-copy-examples/","template","published","Merge provider-specific copy commands into one reusable sync reference."
"LOU32HELP_rclone_templaterclonecopycommandsfortaskscheduler_allproviders.txt","merge","rclone-task-scheduler-template","backup-sync/rclone","/backup-sync/rclone/task-scheduler-template/","template","published","Move scheduler-ready command wrappers into the canonical task scheduler template."
"LOU32HELP_REF_8dnsproviderslist.txt","archive","legacy-archive","","","","","Leave this file in docs/ until a later migration batch rewrites or consolidates it."
"LOU32HELP_REF_ffmpegtemplates.txt","merge","ffmpeg-conversion-frame-extraction","media/ffmpeg","/media/ffmpeg/conversion-and-frame-extraction/","template","published","Consolidate ffmpeg conversion, extraction, and related media command templates into one page."
"LOU32HELP_REF_gmmap.txt","merge","core-midi-reference","midi/reference","/midi/reference/core-midi-reference/","reference","published","Fold MIDI basics, terminology, patch maps, and charts into one core MIDI reference."
"LOU32HELP_REF_powershell_powershellpausemethods_withexamples.txt","merge","powershell-pause-and-output-patterns","powershell/syntax","/powershell/syntax/pause-and-output-patterns/","reference","published","Merge pause methods and console output formatting examples into one syntax reference."
"LOU32HELP_REF_PowerShellSyntax_examplequerytogetallobjectswherenamelike_withwildcards_TEMPLATEREF.txt","archive","legacy-archive","","","","","Leave this file in docs/ until a later migration batch rewrites or consolidates it."
"LOU32HELP_REF_winpecustomizableimageguide_winpeusbbootable_winpeguisupport_fullwindocsreport.txt","split","windows-large-reference-batch","windows","","reference","","Large legacy table or WinPE reference that should stay archived until a dedicated split-and-rewrite batch."
"LOU32HELP_REF_yt-dlp_examplecommandtodownloadyoutubevideoasmp3.txt","merge","yt-dlp-media-download-templates","cli-tools/yt-dlp","/cli-tools/yt-dlp/media-download-templates/","template","published","Collect audio download, playlist, and output template notes into one media download page."
"LOU32HELP_REF_yt-dlp_examplecommandtodownloadyoutubevideoinhighestavailablequality.txt","merge","yt-dlp-media-download-templates","cli-tools/yt-dlp","/cli-tools/yt-dlp/media-download-templates/","template","published","Collect audio download, playlist, and output template notes into one media download page."
"LOU32HELP_REF_yt-dlp_formatselectiontemplates.txt","merge","yt-dlp-media-download-templates","cli-tools/yt-dlp","/cli-tools/yt-dlp/media-download-templates/","template","published","Collect audio download, playlist, and output template notes into one media download page."
"LOU32HELP_REF_yt-dlp_outputtemplatesexamples.txt","merge","yt-dlp-media-download-templates","cli-tools/yt-dlp","/cli-tools/yt-dlp/media-download-templates/","template","published","Collect audio download, playlist, and output template notes into one media download page."
"LOU32HELP_reg_disablefontsmoothing.txt","merge","disable-font-smoothing","windows/display","/windows/display/disable-font-smoothing/","recipe","published","Reuse the existing font smoothing recipe as the canonical destination."
"LOU32HELP_reg_win10defaultfontsubstitutesvalues.txt","merge","windows-display-diagnostics","windows/display","/windows/display/display-diagnostics/","reference","published","Group display diagnostics, font tuning, and DPI notes into one Windows display reference."
"LOU32HELP_regedit_howtorestoreclassicalttabinterfaceonwin10andwin11.txt","archive","legacy-archive","","","","","Leave this file in docs/ until a later migration batch rewrites or consolidates it."
"LOU32HELP_regref_showlnkext_shortcuts.txt","merge","windows-settings-shell-shortcuts","windows/shortcuts","/windows/shortcuts/settings-and-shell-shortcuts/","reference","published","Consolidate Settings URIs, shell namespace shortcuts, and shell folder references into one shortcut guide."
"LOU32HELP_regsvr32_registerOCXfile.txt","archive","legacy-archive","","","","","Leave this file in docs/ until a later migration batch rewrites or consolidates it."
"LOU32HELP_removefontsfromsystemreservedpartition.txt","merge","windows-display-diagnostics","windows/display","/windows/display/display-diagnostics/","reference","published","Group display diagnostics, font tuning, and DPI notes into one Windows display reference."
"LOU32HELP_repairwindowsstoreappsviapowershell.txt","merge","windows-dism-appx-system-repair","windows/maintenance","/windows/maintenance/dism-appx-and-system-repair/","recipe","published","Merge DISM, AppX, SFC, and maintenance commands into one repair-oriented workflow page."
"LOU32HELP_reregisterallappxpackagesonsystem_settingsdisplayglitchfix.txt","merge","windows-dism-appx-system-repair","windows/maintenance","/windows/maintenance/dism-appx-and-system-repair/","recipe","published","Merge DISM, AppX, SFC, and maintenance commands into one repair-oriented workflow page."
"LOU32HELP_robocopy_flags_systemandhiddenattributebug_appendtocommandtoavoid.txt","archive","legacy-archive","","","","","Leave this file in docs/ until a later migration batch rewrites or consolidates it."
"LOU32HELP_robocopy_template_backupclouis32_preservedesktopini.txt","merge","rclone-provider-copy-examples","backup-sync/rclone","/backup-sync/rclone/provider-copy-examples/","template","published","Merge provider-specific copy commands into one reusable sync reference."
"LOU32HELP_rufus_pressaltplusetoenableUEFIandMBRmodeforbootableusb.txt","merge","windows-install-and-oobe-notes","windows/install","/windows/install/windows-install-and-oobe-notes/","recipe","published","Group install-media, OOBE, and setup notes into one curated Windows install page."
"LOU32HELP_searchforCIMclassnames.txt","merge","powershell-system-inspection-patterns","powershell/querying","/powershell/querying/system-inspection-patterns/","reference","published","Group PowerShell query, CIM, process, and inspection snippets into one system inspection reference."
"LOU32HELP_security_listofregistryvaluestomonitorformalware.txt","merge","windows-registry-monitoring-reference","security/windows","/security/windows/registry-monitoring-reference/","reference","draft","Keep defensive Windows monitoring content in a draft security reference."
"LOU32HELP_settingconsolefontsviatheregistry_KB247815.txt","merge","windows-display-diagnostics","windows/display","/windows/display/display-diagnostics/","reference","published","Group display diagnostics, font tuning, and DPI notes into one Windows display reference."
"LOU32HELP_shellcommandslist.txt","merge","windows-settings-shell-shortcuts","windows/shortcuts","/windows/shortcuts/settings-and-shell-shortcuts/","reference","published","Consolidate Settings URIs, shell namespace shortcuts, and shell folder references into one shortcut guide."
"LOU32HELP_smartrename_readme_gith.txt","archive","legacy-archive","","","","","Leave this file in docs/ until a later migration batch rewrites or consolidates it."
"LOU32HELP_template_autounattend.xml_bypasswindows11onlineaccountcreationwithlocalaccount.txt","merge","windows-install-and-oobe-notes","windows/install","/windows/install/windows-install-and-oobe-notes/","recipe","published","Group install-media, OOBE, and setup notes into one curated Windows install page."
"LOU32HELP_tinycorelinux_howtoconfigurefirefoxfortinycore_comment.txt","archive","legacy-archive","","","","","Leave this file in docs/ until a later migration batch rewrites or consolidates it."
"LOU32HELP_troubleshootingbitlockerencryptionkeyerrors_win11home_startupbitlockerscreenloop.txt","archive","legacy-archive","","","","","Leave this file in docs/ until a later migration batch rewrites or consolidates it."
"LOU32HELP_troubleshootingwithntttcptool.txt","merge","powershell-system-inspection-patterns","powershell/querying","/powershell/querying/system-inspection-patterns/","reference","published","Group PowerShell query, CIM, process, and inspection snippets into one system inspection reference."
"LOU32HELP_TwoPowershellCommandsToRunDaily.txt","archive","legacy-archive","","","","","Leave this file in docs/ until a later migration batch rewrites or consolidates it."
"LOU32HELP_ungoogledchromiumaddgoogleassearchengine.txt","merge","browser-search-operator-reference","browser-web/search","/browser-web/search/search-operator-reference/","reference","published","Keep benign search operator and browser search-provider notes in the browser search reference."
"LOU32HELP_uninstallingmodulePowerShellGet_oldversions.txt","merge","powershell-console-profile-customization","powershell/profiles","/powershell/profiles/console-and-profile-customization/","template","published","Consolidate profile snippets, module helpers, and transcript patterns into one console/profile page."
"LOU32HELP_usingmsshelldlgandmsshelldlg2.txt","merge","windows-settings-shell-shortcuts","windows/shortcuts","/windows/shortcuts/settings-and-shell-shortcuts/","reference","published","Consolidate Settings URIs, shell namespace shortcuts, and shell folder references into one shortcut guide."
"LOU32HELP_viewopenportswithnetstat.txt","merge","powershell-system-inspection-patterns","powershell/querying","/powershell/querying/system-inspection-patterns/","reference","published","Group PowerShell query, CIM, process, and inspection snippets into one system inspection reference."
"LOU32HELP_visualstudio2015_downloadurls.txt","merge","windows-install-and-oobe-notes","windows/install","/windows/install/windows-install-and-oobe-notes/","recipe","published","Group install-media, OOBE, and setup notes into one curated Windows install page."
"LOU32HELP_waybackdownloadindex_master.txt","merge","wget-recursive-download","cli-tools/wget","/cli-tools/wget/recursive-download/","reference","published","Keep wget mirroring and recursive download variants under the canonical wget reference."
"LOU32HELP_wget2_flagsreference_recursivewholesitedownload.txt","merge","wget-recursive-download","cli-tools/wget","/cli-tools/wget/recursive-download/","reference","published","Keep wget mirroring and recursive download variants under the canonical wget reference."
"LOU32HELP_wget2_wgetrecursivedownload_examples.txt","merge","wget-recursive-download","cli-tools/wget","/cli-tools/wget/recursive-download/","reference","published","Exact duplicate of LOU32HELP_wgetrecursivedownload_examples.txt; treat as an alias-only inventory record."
"LOU32HELP_wgetrecursivedownload_examples.txt","merge","wget-recursive-download","cli-tools/wget","/cli-tools/wget/recursive-download/","reference","published","Keep wget mirroring and recursive download variants under the canonical wget reference."
"LOU32HELP_wgetrecursivedownload.txt","merge","wget-recursive-download","cli-tools/wget","/cli-tools/wget/recursive-download/","reference","published","Keep wget mirroring and recursive download variants under the canonical wget reference."
"LOU32HELP_win10enterprise_bootableisousbguide.txt","merge","windows-install-and-oobe-notes","windows/install","/windows/install/windows-install-and-oobe-notes/","recipe","published","Group install-media, OOBE, and setup notes into one curated Windows install page."
"LOU32HELP_win10firstrun_script_disableselectservices.txt","archive","legacy-archive","","","","","Leave this file in docs/ until a later migration batch rewrites or consolidates it."
"LOU32HELP_win10updateerror0x80070005solutionpowershell.txt","archive","legacy-archive","","","","","Leave this file in docs/ until a later migration batch rewrites or consolidates it."
"LOU32HELP_win11bypassrequirementsregfileforwim_regastxt.txt","merge","windows-install-and-oobe-notes","windows/install","/windows/install/windows-install-and-oobe-notes/","recipe","published","Group install-media, OOBE, and setup notes into one curated Windows install page."
"LOU32HELP_win11disableautoinstallingapps_regeditdword.txt","archive","legacy-archive","","","","","Leave this file in docs/ until a later migration batch rewrites or consolidates it."
"LOU32HELP_win11exportstartmenulayouttojsonfile.txt","archive","legacy-archive","","","","","Leave this file in docs/ until a later migration batch rewrites or consolidates it."
"LOU32HELP_win32apis_windowingfunctions_learningdigimalokotips.txt","archive","legacy-archive","","","","","Leave this file in docs/ until a later migration batch rewrites or consolidates it."
"LOU32HELP_windowsdefender_presetsforExplorerPatcherInstallation_viagit.txt","archive","legacy-archive","","","","","Leave this file in docs/ until a later migration batch rewrites or consolidates it."
"LOU32HELP_windowserrorcodes_master.txt","split","windows-large-reference-batch","windows","","reference","","Large legacy table or WinPE reference that should stay archived until a dedicated split-and-rewrite batch."
"LOU32HELP_windowshelpCLSIDregistrylocation_winhlp32.txt","merge","windows-settings-shell-shortcuts","windows/shortcuts","/windows/shortcuts/settings-and-shell-shortcuts/","reference","published","Consolidate Settings URIs, shell namespace shortcuts, and shell folder references into one shortcut guide."
"LOU32HELP_windowsimagereference_minimumneededfontlistforwindowsimages.txt","merge","windows-display-diagnostics","windows/display","/windows/display/display-diagnostics/","reference","published","Group display diagnostics, font tuning, and DPI notes into one Windows display reference."
"LOU32HELP_windowswitchershellcommandvalue_onlyforCMDnotPWSH.txt","archive","legacy-archive","","","","","Leave this file in docs/ until a later migration batch rewrites or consolidates it."
"LOU32HELP_winget_creatinganduploadingawingetpackage.txt","merge","winget-package-management-reference","cli-tools/winget","/cli-tools/winget/package-management-reference/","reference","published","Combine winget packaging, return-code, and client notes into one package management reference."
"LOU32HELP_winget_ms_apps_all_winget_list.txt","merge","winget-package-management-reference","cli-tools/winget","/cli-tools/winget/package-management-reference/","reference","published","Combine winget packaging, return-code, and client notes into one package management reference."
"LOU32HELP_wingetreturncodes_errorlookupreferencewinget.txt","archive","legacy-archive","","","","","Leave this file in docs/ until a later migration batch rewrites or consolidates it."
"LOU32HELP_WinPEOptionalComponents_commandlist_MASTER.txt","split","windows-large-reference-batch","windows","","reference","","Large legacy table or WinPE reference that should stay archived until a dedicated split-and-rewrite batch."
"LOU32HELP_WinPEOptionalComponents_lou32template_copypaste.txt","split","windows-large-reference-batch","windows","","reference","","Large legacy table or WinPE reference that should stay archived until a dedicated split-and-rewrite batch."
"LOU32HELP_writedirlisttotextfile.txt","merge","powershell-file-and-text-recipes","powershell/filesystem","/powershell/filesystem/file-and-text-recipes/","recipe","published","Collect file, text, and path manipulation helpers into one recipe page."
"LOU32HELP_wsl_codexexamplelaunchcommands.txt","archive","legacy-archive","","","","","Leave this file in docs/ until a later migration batch rewrites or consolidates it."
"LOU32HELP_yt-dlp_downloadentireyoutubemusicplaylistasmp3s_oneliner.txt","merge","yt-dlp-media-download-templates","cli-tools/yt-dlp","/cli-tools/yt-dlp/media-download-templates/","template","published","Collect audio download, playlist, and output template notes into one media download page."
"LOU32HELP_yt-dlp_examplecommanddownloadentirealbumfromyoutubemusicasmp3.txt","merge","yt-dlp-media-download-templates","cli-tools/yt-dlp","/cli-tools/yt-dlp/media-download-templates/","template","published","Collect audio download, playlist, and output template notes into one media download page."
"LOU32HELP_yt-dlp_mp3bestqual_default.txt","merge","yt-dlp-media-download-templates","cli-tools/yt-dlp","/cli-tools/yt-dlp/media-download-templates/","template","published","Collect audio download, playlist, and output template notes into one media download page."
"LOU32HELP=WinThumbsPreloader_help.txt","archive","legacy-archive","","","","","Leave this file in docs/ until a later migration batch rewrites or consolidates it."
"LOUHELP_get-commandexcludingwindowssysfolder.txt","archive","legacy-archive","","","","","Leave this file in docs/ until a later migration batch rewrites or consolidates it."
"LOUHELP32_CountSavedFolderViews.txt","archive","legacy-archive","","","","","Leave this file in docs/ until a later migration batch rewrites or consolidates it."
"LOUHELP32_GetAllVariablesAndValuesOfCMDLET.txt","archive","legacy-archive","","","","","Leave this file in docs/ until a later migration batch rewrites or consolidates it."
"LOUHELP32_LouCommander.txt","archive","legacy-archive","","","","","Leave this file in docs/ until a later migration batch rewrites or consolidates it."
"LOUHELP32_REGISTRY_GETALLSOFTWARECLSID.txt","archive","legacy-archive","","","","","Leave this file in docs/ until a later migration batch rewrites or consolidates it."
"POWERSHELL_ ALIAS-EXAMPLES_REF.txt","merge","powershell-console-profile-customization","powershell/profiles","/powershell/profiles/console-and-profile-customization/","template","published","Consolidate profile snippets, module helpers, and transcript patterns into one console/profile page."
